examplo 1;emaxplo@gmail.com;1
examplo 2;emaxplo@gmail.com;1
examplo 3;emaxplo@gmail.com;1
examplo 4;emaxplo@gmail.com;1
examplo 5;emaxplo@gmail.com;1
examplo 6;emaxplo@gmail.com;1
examplo 7;emaxplo@gmail.com;1
examplo 8;emaxplo@gmail.com;1
examplo 9;emaxplo@gmail.com;1
examplo 10;emaxplo@gmail.com;1
examplo 11;emaxplo@gmail.com;1
examplo 12;emaxplo@gmail.com;1
examplo 13;emaxplo@gmail.com;1
examplo 14;emaxplo@gmail.com;1
examplo 15;emaxplo@gmail.com;1
examplo 16;emaxplo@gmail.com;1
examplo 17;emaxplo@gmail.com;1
examplo 18;emaxplo@gmail.com;1
examplo 19;emaxplo@gmail.com;1
examplo 20;emaxplo@gmail.com;1
