Samuel Goulart;samuel.a.goulart@gmail.com;2
Alessandro Vilas;Vilas.01@gmail.com;2
André Aquino;Aquino.02@gmail.com;2
Angelo Bazzo;Bazzo.03@gmail.com;2
Amanda Paiva;Paiva.04@gmail.com;2
Andressa Rodrigues;Rodrigues.05@gmail.com;2
Ana Luísa;Luisa.06@gmail.com;2
Antônia Mattos;Antonia.07@gmail.com;2
Bruno Chavez;Chavez.08@gmail.com;2
Beatriz Sousa;Beatriz.09@gmail.com;2
Bento Fernandes;Bento.10@gmail.com;2
Breno Luiz;Breno.11@gmail.com;2
Diogo  Duarte;Diogo.12@gmail.com;2
Denise Fontes;Denise.13@gmail.com;2
Denis Mattos;Denis.14@gmail.com;2
Deyse Pereira;Deyse.15@gmail.com;2
Emerson Silva ;Emerson.16@gmail.com;2
Emerson Ferreira;Ferreira.17@gmail.com;2
Érik Santos;Erik.18@gmail.com;2
Érika Sousa ;Erika.19@gmail.com;2
Éverton Rodrigues;Everton.20@gmail.com;2
Ema Batista;Ema.21@gmail.com;2
Everaldo Oliveira;Everaldo.22@gmail.com;2
Fernanda Gomes;Fernanda.23@gmail.com;2
Flávio Goes;Flavio.24@gmail.com;2
Flávia Amâncio;Flavia.25@gmail.com;2
Guilherme Rodrigues;Guilherme.26@gmail.com;2
Gustavo Fernandes;Gustavo.27@gmail.com;2
Gabriel Amaral ;Gabriel.28@gmail.com;2
Gabriela Luisa;Gabriela.29@gmail.com;2
Gabriella Sousa;Gabriella.30@gmail.com;2
